CellName	SampleID	PatientID	Dataset	CancerType	Platform	Phenotype	Cluster	CancerType_short	library_size
P180611-T_GGACAGAGTTCGTTGA	P180611-T	GC-P180611	this study	Gastric cancer (GC)	10X	Tumor	c08	GC	949
P180118-T_AAATGCCAGCAAATCA	P180118-T	GC-P180118	this study	Gastric cancer (GC)	10X	Tumor	c08	GC	6376
P181227-T_TTCGGTCTCCGATATG	P181227-T	GC-P181227	this study	Gastric cancer (GC)	10X	Tumor	c19	GC	13577
P180308-T_CAGAATCCAAACTGTC	P180308-T	GC-P180308	this study	Gastric cancer (GC)	10X	Tumor	c08	GC	11186
P180308-T_GTCACGGGTGGCAAAC	P180308-T	GC-P180308	this study	Gastric cancer (GC)	10X	Tumor	c08	GC	7010
P180308-T_CTCGGGACAAGTTAAG	P180308-T	GC-P180308	this study	Gastric cancer (GC)	10X	Tumor	c08	GC	7242
P180118-T_CGTCACTGTTCCGTCT	P180118-T	GC-P180118	this study	Gastric cancer (GC)	10X	Tumor	c08	GC	13679
P180118-T_CCTAGCTAGGAATGGA	P180118-T	GC-P180118	this study	Gastric cancer (GC)	10X	Tumor	c17	GC	318
P180611-T_CAGAATCTCTAGCACA	P180611-T	GC-P180611	this study	Gastric cancer (GC)	10X	Tumor	c08	GC	1554
P180308-T_AAAGTAGGTATATGGA	P180308-T	GC-P180308	this study	Gastric cancer (GC)	10X	Tumor	c08	GC	7367
P180308-T_ACCAGTAAGTGATCGG	P180308-T	GC-P180308	this study	Gastric cancer (GC)	10X	Tumor	c18	GC	11970
P180308-T_CGACTTCAGAAACGAG	P180308-T	GC-P180308	this study	Gastric cancer (GC)	10X	Tumor	c08	GC	10026
P190103-T_CAGATCAGTAGCAAAT	P190103-T	GC-P190103	this study	Gastric cancer (GC)	10X	Tumor	c15	GC	1613
P180308-T_CTTACCGGTTCACGGC	P180308-T	GC-P180308	this study	Gastric cancer (GC)	10X	Tumor	c08	GC	11450
P180308-T_CGACCTTGTAGGCTGA	P180308-T	GC-P180308	this study	Gastric cancer (GC)	10X	Tumor	c08	GC	10482
P180308-T_GAAATGAAGTCGATAA	P180308-T	GC-P180308	this study	Gastric cancer (GC)	10X	Tumor	c15	GC	8957
P180611-T_AACCGCGCAAGTCTGT	P180611-T	GC-P180611	this study	Gastric cancer (GC)	10X	Tumor	c08	GC	2567
P180308-T_CTGCGGACAGGTTTCA	P180308-T	GC-P180308	this study	Gastric cancer (GC)	10X	Tumor	c08	GC	6831
P180308-T_CGGAGTCGTCTGGTCG	P180308-T	GC-P180308	this study	Gastric cancer (GC)	10X	Tumor	c08	GC	12294
P181227-T_TGAGCATGTCGCATCG	P181227-T	GC-P181227	this study	Gastric cancer (GC)	10X	Tumor	c17	GC	8469
P180611-T_TGGTTAGAGGATCGCA	P180611-T	GC-P180611	this study	Gastric cancer (GC)	10X	Tumor	c08	GC	3301
P190124-T_GTTCATTTCAACACCA	P190124-T	GC-P190124	this study	Gastric cancer (GC)	10X	Tumor	c14	GC	17131
P190124-T_CATCGGGAGCTAGTTC	P190124-T	GC-P190124	this study	Gastric cancer (GC)	10X	Tumor	c03	GC	18093
P190123-T_CCTTCGATCCGATATG	P190123-T	GC-P190123	this study	Gastric cancer (GC)	10X	Tumor	c18	GC	4742
P190123-T_ACGTCAAGTCTCTTTA	P190123-T	GC-P190123	this study	Gastric cancer (GC)	10X	Tumor	c05	GC	10327
P190103-T_TGACTAGGTGCATCTA	P190103-T	GC-P190103	this study	Gastric cancer (GC)	10X	Tumor	c08	GC	4592
P180611-T_TGAGCCGAGCAATCTC	P180611-T	GC-P180611	this study	Gastric cancer (GC)	10X	Tumor	c05	GC	3810
P181227-T_ACACCCTAGTGTCCCG	P181227-T	GC-P181227	this study	Gastric cancer (GC)	10X	Tumor	c15	GC	11036
P180611-T_AAACGGGCAAGGTGTG	P180611-T	GC-P180611	this study	Gastric cancer (GC)	10X	Tumor	c01	GC	2336
P180308-T_AGATTGCCATCCCATC	P180308-T	GC-P180308	this study	Gastric cancer (GC)	10X	Tumor	c08	GC	17226
P180611-T_GCAATCAAGAATGTGT	P180611-T	GC-P180611	this study	Gastric cancer (GC)	10X	Tumor	c06	GC	3638
P180308-T_TGCGGGTGTGCACCAC	P180308-T	GC-P180308	this study	Gastric cancer (GC)	10X	Tumor	c08	GC	6367
P181227-T_GTCACGGTCTAACTGG	P181227-T	GC-P181227	this study	Gastric cancer (GC)	10X	Tumor	c01	GC	2431
P180308-T_CTCTGGTCACCGAAAG	P180308-T	GC-P180308	this study	Gastric cancer (GC)	10X	Tumor	c08	GC	8690
P190124-T_CACACCTGTCGAACAG	P190124-T	GC-P190124	this study	Gastric cancer (GC)	10X	Tumor	c03	GC	7168
P180118-T_CTCCTAGCATTTGCTT	P180118-T	GC-P180118	this study	Gastric cancer (GC)	10X	Tumor	c17	GC	635
P190103-T_GGAGCAAGTAGGCTGA	P190103-T	GC-P190103	this study	Gastric cancer (GC)	10X	Tumor	c02	GC	5049
P180611-T_GAGGTGAAGTGCCATT	P180611-T	GC-P180611	this study	Gastric cancer (GC)	10X	Tumor	c03	GC	3955
P180611-T_CGTGAGCTCAGGATCT	P180611-T	GC-P180611	this study	Gastric cancer (GC)	10X	Tumor	c01	GC	1953
P180308-T_GATCGTAGTTCAGACT	P180308-T	GC-P180308	this study	Gastric cancer (GC)	10X	Tumor	c08	GC	9314
P180611-T_CTACACCCATTCGACA	P180611-T	GC-P180611	this study	Gastric cancer (GC)	10X	Tumor	c06	GC	2646
P190103-T_GATGCTACACAGACTT	P190103-T	GC-P190103	this study	Gastric cancer (GC)	10X	Tumor	c08	GC	2046
P190123-T_AACTCCCGTACCATCA	P190123-T	GC-P190123	this study	Gastric cancer (GC)	10X	Tumor	c15	GC	3972
P180118-T_GCACTCTTCTTCATGT	P180118-T	GC-P180118	this study	Gastric cancer (GC)	10X	Tumor	c08	GC	3801
P180118-T_GGGCACTTCAACACTG	P180118-T	GC-P180118	this study	Gastric cancer (GC)	10X	Tumor	c08	GC	9379
P180118-T_TAGGCATTCGGCGCAT	P180118-T	GC-P180118	this study	Gastric cancer (GC)	10X	Tumor	c04	GC	13649
P190123-T_TTTGCGCAGAGTGACC	P190123-T	GC-P190123	this study	Gastric cancer (GC)	10X	Tumor	c03	GC	15162
P181227-T_GTAACGTAGGCGATAC	P181227-T	GC-P181227	this study	Gastric cancer (GC)	10X	Tumor	c09	GC	2424
P180611-T_TGAGAGGCACCTCGTT	P180611-T	GC-P180611	this study	Gastric cancer (GC)	10X	Tumor	c11	GC	3941
P180611-T_GCACTCTCAAGCCATT	P180611-T	GC-P180611	this study	Gastric cancer (GC)	10X	Tumor	c08	GC	2986
P180611-T_CACACCTGTGCTCTTC	P180611-T	GC-P180611	this study	Gastric cancer (GC)	10X	Tumor	c14	GC	2621
P180611-T_TACAGTGAGGAATTAC	P180611-T	GC-P180611	this study	Gastric cancer (GC)	10X	Tumor	c08	GC	5624
P180308-T_CGGAGCTGTTTAGGAA	P180308-T	GC-P180308	this study	Gastric cancer (GC)	10X	Tumor	c08	GC	7559
P180611-T_AGGGATGAGAGCAATT	P180611-T	GC-P180611	this study	Gastric cancer (GC)	10X	Tumor	c08	GC	2694
P180611-T_ACGATGTTCCTTCAAT	P180611-T	GC-P180611	this study	Gastric cancer (GC)	10X	Tumor	c17	GC	3072
P180611-T_TCGCGTTGTAAGGATT	P180611-T	GC-P180611	this study	Gastric cancer (GC)	10X	Tumor	c14	GC	1444
P180308-T_TGCCCTAGTGATGCCC	P180308-T	GC-P180308	this study	Gastric cancer (GC)	10X	Tumor	c19	GC	8938
P190103-T_ACGGAGAAGGGTGTTG	P190103-T	GC-P190103	this study	Gastric cancer (GC)	10X	Tumor	c15	GC	2145
P180308-T_GGGTCTGAGGTGATTA	P180308-T	GC-P180308	this study	Gastric cancer (GC)	10X	Tumor	c01	GC	6234
P180611-T_ACGGAGAGTGTTGAGG	P180611-T	GC-P180611	this study	Gastric cancer (GC)	10X	Tumor	c14	GC	2558
P20180108-T_P20180108_TCP5-447-20180108	P20180108-T	HCC-P20180108	this study	Hepatocellular carcinoma (HCC)	Smart-seq2	Tumor	c08	HCC	1429714
P20180108-T_P20180108_TCP5-332-20180108	P20180108-T	HCC-P20180108	this study	Hepatocellular carcinoma (HCC)	Smart-seq2	Tumor	c08	HCC	1452115
P20180108-T_P20180108_TCP5-428-20180108	P20180108-T	HCC-P20180108	this study	Hepatocellular carcinoma (HCC)	Smart-seq2	Tumor	c08	HCC	1211901
P20180108-T_P20180108_TCP5-402-20180108	P20180108-T	HCC-P20180108	this study	Hepatocellular carcinoma (HCC)	Smart-seq2	Tumor	c01	HCC	864524
P20171220-T_P20171220_TP5-511-20171220	P20171220-T	HCC-P20171220	this study	Hepatocellular carcinoma (HCC)	Smart-seq2	Tumor	c08	HCC	979286
P20171220-T_P20171220_TP5-510-20171220	P20171220-T	HCC-P20171220	this study	Hepatocellular carcinoma (HCC)	Smart-seq2	Tumor	c13	HCC	843410
P20180108-T_P20180108_TCP5-126-20180108	P20180108-T	HCC-P20180108	this study	Hepatocellular carcinoma (HCC)	Smart-seq2	Tumor	c08	HCC	1068946
P20171220-T_P20171220_TP5-526-20171220	P20171220-T	HCC-P20171220	this study	Hepatocellular carcinoma (HCC)	Smart-seq2	Tumor	c08	HCC	937475
P20171220-T_P20171220_TP5-672-20171220	P20171220-T	HCC-P20171220	this study	Hepatocellular carcinoma (HCC)	Smart-seq2	Tumor	c08	HCC	1097171
P20171220-T_P20171220_TP5-404-20171220	P20171220-T	HCC-P20171220	this study	Hepatocellular carcinoma (HCC)	Smart-seq2	Tumor	c06	HCC	1017752
P20171220-T_P20171220_TP5-664-20171220	P20171220-T	HCC-P20171220	this study	Hepatocellular carcinoma (HCC)	Smart-seq2	Tumor	c08	HCC	1125305
P20180108-T_P20180108_TCP5-261-20180108	P20180108-T	HCC-P20180108	this study	Hepatocellular carcinoma (HCC)	Smart-seq2	Tumor	c08	HCC	1082273
P20171220-T_P20171220_TP5-865-20171220	P20171220-T	HCC-P20171220	this study	Hepatocellular carcinoma (HCC)	Smart-seq2	Tumor	c08	HCC	951303
P20171220-T_P20171220_TP5-260-20171220	P20171220-T	HCC-P20171220	this study	Hepatocellular carcinoma (HCC)	Smart-seq2	Tumor	c17	HCC	890112
P20180108-T_P20180108_TCP5-333-20180108	P20180108-T	HCC-P20180108	this study	Hepatocellular carcinoma (HCC)	Smart-seq2	Tumor	c01	HCC	1169598
P20171220-T_P20171220_TP5-876-20171220	P20171220-T	HCC-P20171220	this study	Hepatocellular carcinoma (HCC)	Smart-seq2	Tumor	c13	HCC	882542
P20180108-T_P20180108_TCP5-354-20180108	P20180108-T	HCC-P20180108	this study	Hepatocellular carcinoma (HCC)	Smart-seq2	Tumor	c01	HCC	873292
P20171220-T_P20171220_TP5-620-20171220	P20171220-T	HCC-P20171220	this study	Hepatocellular carcinoma (HCC)	Smart-seq2	Tumor	c08	HCC	778706
P20171220-T_P20171220_TP5-756-20171220	P20171220-T	HCC-P20171220	this study	Hepatocellular carcinoma (HCC)	Smart-seq2	Tumor	c08	HCC	637190
P20171220-T_P20171220_TP5-724-20171220	P20171220-T	HCC-P20171220	this study	Hepatocellular carcinoma (HCC)	Smart-seq2	Tumor	c08	HCC	1104952
P20171220-T_P20171220_TP5-841-20171220	P20171220-T	HCC-P20171220	this study	Hepatocellular carcinoma (HCC)	Smart-seq2	Tumor	c08	HCC	1296975
P20180108-T_P20180108_TCP5-320-20180108	P20180108-T	HCC-P20180108	this study	Hepatocellular carcinoma (HCC)	Smart-seq2	Tumor	c08	HCC	803647
P20180108-T_P20180108_TCP5-472-20180108	P20180108-T	HCC-P20180108	this study	Hepatocellular carcinoma (HCC)	Smart-seq2	Tumor	c08	HCC	973354
P20171220-T_P20171220_TP5-557-20171220	P20171220-T	HCC-P20171220	this study	Hepatocellular carcinoma (HCC)	Smart-seq2	Tumor	c08	HCC	1250959
P20180108-T_P20180108_TCP5-535-20180108	P20180108-T	HCC-P20180108	this study	Hepatocellular carcinoma (HCC)	Smart-seq2	Tumor	c08	HCC	979492
P20171220-T_P20171220_TP5-691-20171220	P20171220-T	HCC-P20171220	this study	Hepatocellular carcinoma (HCC)	Smart-seq2	Tumor	c01	HCC	1357914
P20180108-T_P20180108_TCP5-138-20180108	P20180108-T	HCC-P20180108	this study	Hepatocellular carcinoma (HCC)	Smart-seq2	Tumor	c08	HCC	1335209
P20171220-T_P20171220_TP5-788-20171220	P20171220-T	HCC-P20171220	this study	Hepatocellular carcinoma (HCC)	Smart-seq2	Tumor	c08	HCC	1191042
P20180108-T_P20180108_TCP5-273-20180108	P20180108-T	HCC-P20180108	this study	Hepatocellular carcinoma (HCC)	Smart-seq2	Tumor	c08	HCC	956166
P20171220-T_P20171220_TP5-829-20171220	P20171220-T	HCC-P20171220	this study	Hepatocellular carcinoma (HCC)	Smart-seq2	Tumor	c08	HCC	1268587
P20180108-T_P20180108_TCP5-107-20180108	P20180108-T	HCC-P20180108	this study	Hepatocellular carcinoma (HCC)	Smart-seq2	Tumor	c08	HCC	583961
P20171220-T_P20171220_TP5-359-20171220	P20171220-T	HCC-P20171220	this study	Hepatocellular carcinoma (HCC)	Smart-seq2	Tumor	c01	HCC	1055550
P20171220-T_P20171220_TP5-489-20171220	P20171220-T	HCC-P20171220	this study	Hepatocellular carcinoma (HCC)	Smart-seq2	Tumor	c08	HCC	1322055
P20171220-T_P20171220_TP5-423-20171220	P20171220-T	HCC-P20171220	this study	Hepatocellular carcinoma (HCC)	Smart-seq2	Tumor	c01	HCC	1146118
P20171220-T_P20171220_TP5-472-20171220	P20171220-T	HCC-P20171220	this study	Hepatocellular carcinoma (HCC)	Smart-seq2	Tumor	c08	HCC	1345322
P20180108-T_P20180108_TCP5-185-20180108	P20180108-T	HCC-P20180108	this study	Hepatocellular carcinoma (HCC)	Smart-seq2	Tumor	c08	HCC	1327052
P20171220-T_P20171220_TP5-392-20171220	P20171220-T	HCC-P20171220	this study	Hepatocellular carcinoma (HCC)	Smart-seq2	Tumor	c01	HCC	1223058
P20171220-T_P20171220_TP5-562-20171220	P20171220-T	HCC-P20171220	this study	Hepatocellular carcinoma (HCC)	Smart-seq2	Tumor	c08	HCC	1253637
P20180108-T_P20180108_TCP5-325-20180108	P20180108-T	HCC-P20180108	this study	Hepatocellular carcinoma (HCC)	Smart-seq2	Tumor	c08	HCC	1005927
P20171220-T_P20171220_TP5-684-20171220	P20171220-T	HCC-P20171220	this study	Hepatocellular carcinoma (HCC)	Smart-seq2	Tumor	c01	HCC	1131659
P20171220-T_P20171220_TP5-685-20171220	P20171220-T	HCC-P20171220	this study	Hepatocellular carcinoma (HCC)	Smart-seq2	Tumor	c01	HCC	1416743
P20171220-T_P20171220_TP5-884-20171220	P20171220-T	HCC-P20171220	this study	Hepatocellular carcinoma (HCC)	Smart-seq2	Tumor	c08	HCC	762185
P20171220-T_P20171220_TP5-546-20171220	P20171220-T	HCC-P20171220	this study	Hepatocellular carcinoma (HCC)	Smart-seq2	Tumor	c01	HCC	1130024
P20180108-T_P20180108_TCP5-548-20180108	P20180108-T	HCC-P20180108	this study	Hepatocellular carcinoma (HCC)	Smart-seq2	Tumor	c08	HCC	1290511
P20171220-T_P20171220_TP5-749-20171220	P20171220-T	HCC-P20171220	this study	Hepatocellular carcinoma (HCC)	Smart-seq2	Tumor	c08	HCC	873773
P20171220-T_P20171220_TP5-912-20171220	P20171220-T	HCC-P20171220	this study	Hepatocellular carcinoma (HCC)	Smart-seq2	Tumor	c11	HCC	1014798
P20171220-T_P20171220_TP5-833-20171220	P20171220-T	HCC-P20171220	this study	Hepatocellular carcinoma (HCC)	Smart-seq2	Tumor	c08	HCC	1184503
P20180108-T_P20180108_TCP5-425-20180108	P20180108-T	HCC-P20180108	this study	Hepatocellular carcinoma (HCC)	Smart-seq2	Tumor	c01	HCC	1186332
P20180108-T_P20180108_TCP5-384-20180108	P20180108-T	HCC-P20180108	this study	Hepatocellular carcinoma (HCC)	Smart-seq2	Tumor	c01	HCC	883848
P20171220-T_P20171220_TP5-465-20171220	P20171220-T	HCC-P20171220	this study	Hepatocellular carcinoma (HCC)	Smart-seq2	Tumor	c01	HCC	1181051
P20180108-T_P20180108_TCP5-509-20180108	P20180108-T	HCC-P20180108	this study	Hepatocellular carcinoma (HCC)	Smart-seq2	Tumor	c08	HCC	690017
P20180108-T_P20180108_TCP5-422-20180108	P20180108-T	HCC-P20180108	this study	Hepatocellular carcinoma (HCC)	Smart-seq2	Tumor	c01	HCC	1174836
P20171220-T_P20171220_TP5-586-20171220	P20171220-T	HCC-P20171220	this study	Hepatocellular carcinoma (HCC)	Smart-seq2	Tumor	c08	HCC	1087837
P20180108-T_P20180108_TCP5-9-20180108	P20180108-T	HCC-P20180108	this study	Hepatocellular carcinoma (HCC)	Smart-seq2	Tumor	c08	HCC	519014
P20180108-T_P20180108_TCP5-450-20180108	P20180108-T	HCC-P20180108	this study	Hepatocellular carcinoma (HCC)	Smart-seq2	Tumor	c08	HCC	885247
P20171220-T_P20171220_TP5-780-20171220	P20171220-T	HCC-P20171220	this study	Hepatocellular carcinoma (HCC)	Smart-seq2	Tumor	c11	HCC	829590
P20180108-T_P20180108_TCP5-536-20180108	P20180108-T	HCC-P20180108	this study	Hepatocellular carcinoma (HCC)	Smart-seq2	Tumor	c01	HCC	978865
P20180108-T_P20180108_TCP5-38-20180108	P20180108-T	HCC-P20180108	this study	Hepatocellular carcinoma (HCC)	Smart-seq2	Tumor	c08	HCC	1104184
P20171220-T_P20171220_TP5-518-20171220	P20171220-T	HCC-P20171220	this study	Hepatocellular carcinoma (HCC)	Smart-seq2	Tumor	c01	HCC	975247
P20171220-T_P20171220_TP5-552-20171220	P20171220-T	HCC-P20171220	this study	Hepatocellular carcinoma (HCC)	Smart-seq2	Tumor	c16	HCC	1328147
P1-T_GTCATTTCAGAGTGTG	P1-T	NSCLC-P1	this study	Non-small-cell lung cancer (NSCLC)	10X	Tumor	c04	NSCLC	13737
P16-T_GCAAACTCAATCGAAA	P16-T	NSCLC-P16	this study	Non-small-cell lung cancer (NSCLC)	10X	Tumor	c08	NSCLC	7748
P18-T_CTCTAATTCCTTTCGG	P18-T	NSCLC-P18	this study	Non-small-cell lung cancer (NSCLC)	10X	Tumor	c01	NSCLC	4981
P22-T_GACGGCTCAGTAACGG	P22-T	NSCLC-P22	this study	Non-small-cell lung cancer (NSCLC)	10X	Tumor	c19	NSCLC	15669
P23-T_TCTTTCCTCGGCATCG	P23-T	NSCLC-P23	this study	Non-small-cell lung cancer (NSCLC)	10X	Tumor	c04	NSCLC	9171
P10-T_GTGGGTCCATTCCTCG	P10-T	NSCLC-P10	this study	Non-small-cell lung cancer (NSCLC)	10X	Tumor	c04	NSCLC	17747
P16-T_TAGCCGGCAAGGGTCA	P16-T	NSCLC-P16	this study	Non-small-cell lung cancer (NSCLC)	10X	Tumor	c03	NSCLC	11097
P15-T_CTAGTGACAGCTGTAT	P15-T	NSCLC-P15	this study	Non-small-cell lung cancer (NSCLC)	10X	Tumor	c04	NSCLC	13286
P25-T_GGTGCGTAGACTTGAA	P25-T	NSCLC-P25	this study	Non-small-cell lung cancer (NSCLC)	10X	Tumor	c08	NSCLC	8912
P15-T_CTACCCAGTCCAACTA	P15-T	NSCLC-P15	this study	Non-small-cell lung cancer (NSCLC)	10X	Tumor	c04	NSCLC	4462
P6-T_GATGCTACATACGCTA	P6-T	NSCLC-P6	this study	Non-small-cell lung cancer (NSCLC)	10X	Tumor	c08	NSCLC	6187
P15-T_GGCTCGACATACTACG	P15-T	NSCLC-P15	this study	Non-small-cell lung cancer (NSCLC)	10X	Tumor	c04	NSCLC	16603
P28-T_GGTGAAGGTTAAGGGC	P28-T	NSCLC-P28	this study	Non-small-cell lung cancer (NSCLC)	10X	Tumor	c04	NSCLC	12376
P15-T_ATTTCTGGTTTACTCT	P15-T	NSCLC-P15	this study	Non-small-cell lung cancer (NSCLC)	10X	Tumor	c04	NSCLC	12162
P23-T_AAACGGGTCCAAACAC	P23-T	NSCLC-P23	this study	Non-small-cell lung cancer (NSCLC)	10X	Tumor	c19	NSCLC	16961
P15-T_TTAGGACCAGATGGGT	P15-T	NSCLC-P15	this study	Non-small-cell lung cancer (NSCLC)	10X	Tumor	c08	NSCLC	16436
P15-T_ACTGAGTGTGCAGACA	P15-T	NSCLC-P15	this study	Non-small-cell lung cancer (NSCLC)	10X	Tumor	c04	NSCLC	18867
P6-T_GTGGGTCAGAGGGCTT	P6-T	NSCLC-P6	this study	Non-small-cell lung cancer (NSCLC)	10X	Tumor	c08	NSCLC	4980
P12-T_CGTCAGGGTGTCCTCT	P12-T	NSCLC-P12	this study	Non-small-cell lung cancer (NSCLC)	10X	Tumor	c19	NSCLC	13719
P14-T_AGGGTGAGTGACCAAG	P14-T	NSCLC-P14	this study	Non-small-cell lung cancer (NSCLC)	10X	Tumor	c14	NSCLC	8557
P15-T_GCTGGGTTCCTTGCCA	P15-T	NSCLC-P15	this study	Non-small-cell lung cancer (NSCLC)	10X	Tumor	c19	NSCLC	9910
P1-T_GTAGTCATCCACGTGG	P1-T	NSCLC-P1	this study	Non-small-cell lung cancer (NSCLC)	10X	Tumor	c17	NSCLC	20965
P15-T_GACGTTATCTTTAGTC	P15-T	NSCLC-P15	this study	Non-small-cell lung cancer (NSCLC)	10X	Tumor	c19	NSCLC	18613
P1-T_GGAAAGCTCAACGGCC	P1-T	NSCLC-P1	this study	Non-small-cell lung cancer (NSCLC)	10X	Tumor	c04	NSCLC	18654
P15-T_GTGCAGCTCCGTCATC	P15-T	NSCLC-P15	this study	Non-small-cell lung cancer (NSCLC)	10X	Tumor	c19	NSCLC	7406
P15-T_AGAGCTTTCTGATTCT	P15-T	NSCLC-P15	this study	Non-small-cell lung cancer (NSCLC)	10X	Tumor	c08	NSCLC	5948
P18-T_GTAACTGCACGCCAGT	P18-T	NSCLC-P18	this study	Non-small-cell lung cancer (NSCLC)	10X	Tumor	c08	NSCLC	11528
P14-T_CATTATCTCGGTCCGA	P14-T	NSCLC-P14	this study	Non-small-cell lung cancer (NSCLC)	10X	Tumor	c14	NSCLC	19164
P15-T_TAGCCGGGTTGTTTGG	P15-T	NSCLC-P15	this study	Non-small-cell lung cancer (NSCLC)	10X	Tumor	c04	NSCLC	9731
P23-T_AGCTCCTGTGCTGTAT	P23-T	NSCLC-P23	this study	Non-small-cell lung cancer (NSCLC)	10X	Tumor	c11	NSCLC	18104
P23-T_GGTATTGGTCTGGAGA	P23-T	NSCLC-P23	this study	Non-small-cell lung cancer (NSCLC)	10X	Tumor	c17	NSCLC	2360
P15-T_GTTACAGGTTCTCATT	P15-T	NSCLC-P15	this study	Non-small-cell lung cancer (NSCLC)	10X	Tumor	c08	NSCLC	9501
P23-T_CGGTTAAAGAGGGATA	P23-T	NSCLC-P23	this study	Non-small-cell lung cancer (NSCLC)	10X	Tumor	c14	NSCLC	5459
P18-T_CATCAAGGTTCCACGG	P18-T	NSCLC-P18	this study	Non-small-cell lung cancer (NSCLC)	10X	Tumor	c14	NSCLC	8617
P22-T_TGCGGGTCAACTGCTA	P22-T	NSCLC-P22	this study	Non-small-cell lung cancer (NSCLC)	10X	Tumor	c19	NSCLC	20857
P15-T_CCACGGATCATCTGTT	P15-T	NSCLC-P15	this study	Non-small-cell lung cancer (NSCLC)	10X	Tumor	c11	NSCLC	16341
P23-T_ATCATGGAGATCCCAT	P23-T	NSCLC-P23	this study	Non-small-cell lung cancer (NSCLC)	10X	Tumor	c04	NSCLC	8434
P18-T_AGAGCGATCCCATTAT	P18-T	NSCLC-P18	this study	Non-small-cell lung cancer (NSCLC)	10X	Tumor	c04	NSCLC	4080
P22-T_GGTATTGTCCGCGTTT	P22-T	NSCLC-P22	this study	Non-small-cell lung cancer (NSCLC)	10X	Tumor	c19	NSCLC	10660
P23-T_CATTATCGTAAGGATT	P23-T	NSCLC-P23	this study	Non-small-cell lung cancer (NSCLC)	10X	Tumor	c04	NSCLC	4430
P15-T_ATGAGGGAGGCGATAC	P15-T	NSCLC-P15	this study	Non-small-cell lung cancer (NSCLC)	10X	Tumor	c08	NSCLC	14022
P6-T_ACATCAGGTCCCTACT	P6-T	NSCLC-P6	this study	Non-small-cell lung cancer (NSCLC)	10X	Tumor	c08	NSCLC	7554
P1-T_TTTGTCACAGGCGATA	P1-T	NSCLC-P1	this study	Non-small-cell lung cancer (NSCLC)	10X	Tumor	c05	NSCLC	12004
P10-T_AGCGGTCTCTCCAACC	P10-T	NSCLC-P10	this study	Non-small-cell lung cancer (NSCLC)	10X	Tumor	c04	NSCLC	11692
P23-T_CAAGATCAGAAGGTTT	P23-T	NSCLC-P23	this study	Non-small-cell lung cancer (NSCLC)	10X	Tumor	c09	NSCLC	5124
P12-T_CGTTGGGGTTCCCGAG	P12-T	NSCLC-P12	this study	Non-small-cell lung cancer (NSCLC)	10X	Tumor	c08	NSCLC	6570
P15-T_TCAGATGTCAGAGACG	P15-T	NSCLC-P15	this study	Non-small-cell lung cancer (NSCLC)	10X	Tumor	c20	NSCLC	4096
P1-T_GTGCGGTGTATTAGCC	P1-T	NSCLC-P1	this study	Non-small-cell lung cancer (NSCLC)	10X	Tumor	c19	NSCLC	18504
P24-T_CAGATCATCAATAAGG	P24-T	NSCLC-P24	this study	Non-small-cell lung cancer (NSCLC)	10X	Tumor	c04	NSCLC	13095
P15-T_ACTGAACCAGCGTAAG	P15-T	NSCLC-P15	this study	Non-small-cell lung cancer (NSCLC)	10X	Tumor	c08	NSCLC	6836
P15-T_AGCGGTCCACCGCTAG	P15-T	NSCLC-P15	this study	Non-small-cell lung cancer (NSCLC)	10X	Tumor	c04	NSCLC	17849
P15-T_GACACGCTCATTGCGA	P15-T	NSCLC-P15	this study	Non-small-cell lung cancer (NSCLC)	10X	Tumor	c08	NSCLC	12550
P15-T_GATCAGTAGTGGGTTG	P15-T	NSCLC-P15	this study	Non-small-cell lung cancer (NSCLC)	10X	Tumor	c11	NSCLC	16876
P22-T_AGAGCGACACGGACAA	P22-T	NSCLC-P22	this study	Non-small-cell lung cancer (NSCLC)	10X	Tumor	c17	NSCLC	7013
P15-T_TAGTGGTTCACAGTAC	P15-T	NSCLC-P15	this study	Non-small-cell lung cancer (NSCLC)	10X	Tumor	c04	NSCLC	11558
P6-T_CACATTTCAACACGCC	P6-T	NSCLC-P6	this study	Non-small-cell lung cancer (NSCLC)	10X	Tumor	c04	NSCLC	22110
P15-T_GTGCGGTAGTCAAGCG	P15-T	NSCLC-P15	this study	Non-small-cell lung cancer (NSCLC)	10X	Tumor	c04	NSCLC	17940
P25-T_CTTAACTCAAGACACG	P25-T	NSCLC-P25	this study	Non-small-cell lung cancer (NSCLC)	10X	Tumor	c04	NSCLC	21543
P15-T_CCTTCGATCGAATGGG	P15-T	NSCLC-P15	this study	Non-small-cell lung cancer (NSCLC)	10X	Tumor	c08	NSCLC	16431
P22-T_TGCCCTATCTTGACGA	P22-T	NSCLC-P22	this study	Non-small-cell lung cancer (NSCLC)	10X	Tumor	c19	NSCLC	19825
P021-T_TTTGGTTAGCACCGTC	P021-T	TNBC-P021	this study	Triple-negative breast cancer (TNBC)	10X	Tumor	c06	TNBC	2139
P023-T_TACACGACACTAAGTC	P023-T	TNBC-P023	this study	Triple-negative breast cancer (TNBC)	10X	Tumor	c08	TNBC	7434
P023-T_ATAAGAGAGTCCCACG	P023-T	TNBC-P023	this study	Triple-negative breast cancer (TNBC)	10X	Tumor	c01	TNBC	6257
P018-2-T_CCCATACTCTGCTGCT	P018-2-T	TNBC-P018	this study	Triple-negative breast cancer (TNBC)	10X	Tumor	c01	TNBC	1262
P018-1-T_GTCTCGTTCTCCAGGG	P018-1-T	TNBC-P018	this study	Triple-negative breast cancer (TNBC)	10X	Tumor	c04	TNBC	4122
P021-T_GCTGGGTTCTACCTGC	P021-T	TNBC-P021	this study	Triple-negative breast cancer (TNBC)	10X	Tumor	c03	TNBC	5896
P023-T_ACGGAGAAGCAGCGTA	P023-T	TNBC-P023	this study	Triple-negative breast cancer (TNBC)	10X	Tumor	c08	TNBC	8750
P020-T_CTACATTTCGATAGAA	P020-T	TNBC-P020	this study	Triple-negative breast cancer (TNBC)	10X	Tumor	c05	TNBC	10531
P021-T_GCTGCTTGTCCCGACA	P021-T	TNBC-P021	this study	Triple-negative breast cancer (TNBC)	10X	Tumor	c01	TNBC	5244
P023-T_ATAGACCGTATGAATG	P023-T	TNBC-P023	this study	Triple-negative breast cancer (TNBC)	10X	Tumor	c01	TNBC	13617
P018-1-T_CAGTAACGTCGCGAAA	P018-1-T	TNBC-P018	this study	Triple-negative breast cancer (TNBC)	10X	Tumor	c01	TNBC	2297
P018-2-T_CACAGTAAGACAGACC	P018-2-T	TNBC-P018	this study	Triple-negative breast cancer (TNBC)	10X	Tumor	c01	TNBC	4803
P023-T_CCCAATCGTTGTCTTT	P023-T	TNBC-P023	this study	Triple-negative breast cancer (TNBC)	10X	Tumor	c05	TNBC	9011
P021-T_ATCCGAACACGTCTCT	P021-T	TNBC-P021	this study	Triple-negative breast cancer (TNBC)	10X	Tumor	c05	TNBC	8259
P018-1-T_CGTAGCGGTCATCCCT	P018-1-T	TNBC-P018	this study	Triple-negative breast cancer (TNBC)	10X	Tumor	c08	TNBC	1710
P021-T_AACCGCGTCCCTTGCA	P021-T	TNBC-P021	this study	Triple-negative breast cancer (TNBC)	10X	Tumor	c01	TNBC	2211
P021-T_GGGTCTGGTTACGACT	P021-T	TNBC-P021	this study	Triple-negative breast cancer (TNBC)	10X	Tumor	c05	TNBC	3886
P021-T_CCAGCGAGTACAAGTA	P021-T	TNBC-P021	this study	Triple-negative breast cancer (TNBC)	10X	Tumor	c01	TNBC	3391
P023-T_CCGTACTGTGCGATAG	P023-T	TNBC-P023	this study	Triple-negative breast cancer (TNBC)	10X	Tumor	c03	TNBC	12283
P022-2-T_ACATACGGTCACTTCC	P022-2-T	TNBC-P022	this study	Triple-negative breast cancer (TNBC)	10X	Tumor	c01	TNBC	6678
P021-T_CACTCCAAGACCCACC	P021-T	TNBC-P021	this study	Triple-negative breast cancer (TNBC)	10X	Tumor	c01	TNBC	1891
P023-T_TCACAAGTCGCGCCAA	P023-T	TNBC-P023	this study	Triple-negative breast cancer (TNBC)	10X	Tumor	c08	TNBC	9559
P021-T_CGCTGGAGTAAGTAGT	P021-T	TNBC-P021	this study	Triple-negative breast cancer (TNBC)	10X	Tumor	c05	TNBC	7152
P018-2-T_ACGCCAGGTCCAGTGC	P018-2-T	TNBC-P018	this study	Triple-negative breast cancer (TNBC)	10X	Tumor	c03	TNBC	1103
P021-T_CATCGAATCTGTTGAG	P021-T	TNBC-P021	this study	Triple-negative breast cancer (TNBC)	10X	Tumor	c11	TNBC	5208
P021-T_TCGTAGATCTTACCGC	P021-T	TNBC-P021	this study	Triple-negative breast cancer (TNBC)	10X	Tumor	c05	TNBC	6536
P018-1-T_CGGGTCAAGGTGACCA	P018-1-T	TNBC-P018	this study	Triple-negative breast cancer (TNBC)	10X	Tumor	c01	TNBC	1164
P024-T_GGATGTTTCGGATGGA	P024-T	TNBC-P024	this study	Triple-negative breast cancer (TNBC)	10X	Tumor	c08	TNBC	6322
P022-2-T_CACCACTAGGTGCACA	P022-2-T	TNBC-P022	this study	Triple-negative breast cancer (TNBC)	10X	Tumor	c01	TNBC	5617
P023-T_ATCTGCCCATCACGAT	P023-T	TNBC-P023	this study	Triple-negative breast cancer (TNBC)	10X	Tumor	c01	TNBC	5072
P023-T_AGGGAGTGTACCATCA	P023-T	TNBC-P023	this study	Triple-negative breast cancer (TNBC)	10X	Tumor	c05	TNBC	14141
P021-T_AGTGGGAGTCGCGGTT	P021-T	TNBC-P021	this study	Triple-negative breast cancer (TNBC)	10X	Tumor	c08	TNBC	6281
P021-T_CGTGTCTAGAACTGTA	P021-T	TNBC-P021	this study	Triple-negative breast cancer (TNBC)	10X	Tumor	c08	TNBC	4616
P022-2-T_CGTAGGCAGAACTGTA	P022-2-T	TNBC-P022	this study	Triple-negative breast cancer (TNBC)	10X	Tumor	c06	TNBC	15207
P021-T_CGACTTCCAAGCGATG	P021-T	TNBC-P021	this study	Triple-negative breast cancer (TNBC)	10X	Tumor	c05	TNBC	10107
P021-T_TTTGCGCGTGCAGGTA	P021-T	TNBC-P021	this study	Triple-negative breast cancer (TNBC)	10X	Tumor	c03	TNBC	4505
P023-T_CACAGGCGTCTGATTG	P023-T	TNBC-P023	this study	Triple-negative breast cancer (TNBC)	10X	Tumor	c19	TNBC	16986
P018-1-T_CGTGTAATCACCCGAG	P018-1-T	TNBC-P018	this study	Triple-negative breast cancer (TNBC)	10X	Tumor	c19	TNBC	1552
P022-1-T_CACCACTGTTCGAATC	P022-1-T	TNBC-P022	this study	Triple-negative breast cancer (TNBC)	10X	Tumor	c20	TNBC	8270
P022-2-T_GAACGGATCCTCAATT	P022-2-T	TNBC-P022	this study	Triple-negative breast cancer (TNBC)	10X	Tumor	c08	TNBC	4513
P023-T_TGACAACTCACAAACC	P023-T	TNBC-P023	this study	Triple-negative breast cancer (TNBC)	10X	Tumor	c08	TNBC	7486
P018-1-T_TGATTTCGTCACTTCC	P018-1-T	TNBC-P018	this study	Triple-negative breast cancer (TNBC)	10X	Tumor	c08	TNBC	1351
P021-T_TCTCTAAGTACGAAAT	P021-T	TNBC-P021	this study	Triple-negative breast cancer (TNBC)	10X	Tumor	c01	TNBC	3681
P022-2-T_GACCAATTCCTTTACA	P022-2-T	TNBC-P022	this study	Triple-negative breast cancer (TNBC)	10X	Tumor	c03	TNBC	3234
P023-T_CCACGGACATACGCTA	P023-T	TNBC-P023	this study	Triple-negative breast cancer (TNBC)	10X	Tumor	c03	TNBC	3287
P021-T_CCTTACGAGCGGCTTC	P021-T	TNBC-P021	this study	Triple-negative breast cancer (TNBC)	10X	Tumor	c08	TNBC	1937
P018-1-T_CCTTCCCAGTCCGGTC	P018-1-T	TNBC-P018	this study	Triple-negative breast cancer (TNBC)	10X	Tumor	c04	TNBC	3582
P022-2-T_TCATTACAGTTCCACA	P022-2-T	TNBC-P022	this study	Triple-negative breast cancer (TNBC)	10X	Tumor	c01	TNBC	14370
P021-T_GGATGTTCAGTCAGCC	P021-T	TNBC-P021	this study	Triple-negative breast cancer (TNBC)	10X	Tumor	c03	TNBC	7439
P023-T_TGTCCCAGTACAGTGG	P023-T	TNBC-P023	this study	Triple-negative breast cancer (TNBC)	10X	Tumor	c08	TNBC	2794
P022-1-T_CATCGAATCACCTCGT	P022-1-T	TNBC-P022	this study	Triple-negative breast cancer (TNBC)	10X	Tumor	c08	TNBC	3967
P024-T_ACATACGCAGTCTTCC	P024-T	TNBC-P024	this study	Triple-negative breast cancer (TNBC)	10X	Tumor	c16	TNBC	3561
P023-T_AACTTTCGTGAACCTT	P023-T	TNBC-P023	this study	Triple-negative breast cancer (TNBC)	10X	Tumor	c04	TNBC	15134
P021-T_CGTAGGCCACATCCAA	P021-T	TNBC-P021	this study	Triple-negative breast cancer (TNBC)	10X	Tumor	c08	TNBC	1511
P020-T_GTGCATACAGCGTTCG	P020-T	TNBC-P020	this study	Triple-negative breast cancer (TNBC)	10X	Tumor	c14	TNBC	5904
P022-2-T_GGCAATTTCTGGAGCC	P022-2-T	TNBC-P022	this study	Triple-negative breast cancer (TNBC)	10X	Tumor	c01	TNBC	11804
P021-T_AGTAGTCTCGACCAGC	P021-T	TNBC-P021	this study	Triple-negative breast cancer (TNBC)	10X	Tumor	c09	TNBC	503
P022-2-T_AACTTTCTCCGCAGTG	P022-2-T	TNBC-P022	this study	Triple-negative breast cancer (TNBC)	10X	Tumor	c20	TNBC	3847
P024-T_AATCGGTCAAGTTCTG	P024-T	TNBC-P024	this study	Triple-negative breast cancer (TNBC)	10X	Tumor	c09	TNBC	508
P022-1-T_GGTATTGTCCCTTGCA	P022-1-T	TNBC-P022	this study	Triple-negative breast cancer (TNBC)	10X	Tumor	c01	TNBC	3607
